{"cameraMode":{"drawMode":0,"name":"Shaded","section":"Shading Mode"},"sceneLighting":true,"audioPlay":false,"sceneViewState":{"showFog":true,"showMaterialUpdate":false,"showSkybox":true,"showFlares":true,"showImageEffects":true,"showParticleSystems":true},"in2DMode":false,"pivot":{"x":-0.06272745877504349,"y":2.6056969165802,"z":-5.153705596923828},"rotation":{"x":0.05846649780869484,"y":-0.0029949122108519079,"z":0.00017539423424750566,"w":0.9982859492301941},"size":2.7481298446655275,"orthographic":true}